C,Db,D,Eb,E,F,Gb,G,Ab,A,Bb,B,chord
0.215922,0.042304,0.059046,0.103958,0.141782,1.000000,0.107198,0.114903,0.243506,0.032272,0.059777,0.045627,FMin7
0.036885,0.015242,0.041788,0.039801,0.046737,0.266892,0.141959,0.984630,0.074802,0.038642,0.057833,0.056036,G7
0.771288,0.100885,0.114331,0.082829,0.088409,0.248993,0.045595,0.227643,0.062547,0.035040,0.107296,0.135687,CMin7
0.349850,0.064801,0.105380,0.213179,0.101485,0.388293,0.083727,0.216474,0.419322,0.090305,0.345563,0.068607,AbMaj7
0.022705,0.036395,0.199351,0.060131,0.183076,0.226386,0.164798,0.526205,0.113628,0.427880,0.121842,0.050204,GMin7
0.061802,0.075279,0.233612,0.288069,0.664129,0.117173,0.086462,0.027948,0.026729,0.325083,0.100586,0.309402,EMin7
0.056415,0.073433,0.400912,0.551493,0.169377,0.184459,0.050039,0.058714,0.054450,0.628896,0.305348,0.080984,EbMaj7
0.089569,0.065021,0.217847,0.208358,0.086639,0.344074,0.082122,0.058711,0.059515,0.336791,0.165860,0.088306,D7
0.039462,0.201999,0.072447,0.218743,0.296403,0.178156,0.407458,0.086804,0.476608,0.126751,0.051482,0.023058,GbMin7
0.081104,0.172969,0.274406,0.707700,0.136512,0.094491,0.034550,0.029328,0.320974,0.109425,0.328085,0.061361,EbMin7
0.112099,0.414534,0.556670,0.210884,0.181950,0.059731,0.061236,0.044202,0.545553,0.298664,0.071433,0.057799,DMaj7
0.087040,0.226972,0.424078,0.107605,0.385757,0.081970,0.060502,0.056567,0.293908,0.163820,0.089072,0.088827,Db7
0.207757,0.074743,0.220692,0.275780,0.192969,0.460848,0.103070,0.483012,0.120862,0.048058,0.022729,0.037987,FMin7
0.164759,0.310046,0.656222,0.142954,0.083345,0.031370,0.030683,0.370302,0.102473,0.296619,0.067843,0.064585,DMin7
0.378189,0.528810,0.197065,0.182451,0.060170,0.064941,0.048792,0.637083,0.281724,0.077144,0.058801,0.091988,DbMaj7
0.204429,0.387803,0.114052,0.385252,0.092104,0.072717,0.064887,0.344583,0.170518,0.102377,0.087275,0.079098,C7
0.048760,0.022542,0.030786,0.249890,0.060932,0.192826,0.296749,0.180638,0.449439,0.081705,0.436237,0.118834,AbMin7
0.307143,0.072838,0.065136,0.203930,0.335568,0.731871,0.155421,0.102002,0.028215,0.027941,0.230222,0.097344,FMin7
0.060100,0.051287,0.076846,0.444921,0.549173,0.166885,0.167375,0.053074,0.056749,0.038095,0.536234,0.267390,EMaj7
0.076220,0.084392,0.083483,0.222206,0.239953,0.083433,0.366646,0.111369,0.064372,0.044248,0.314796,0.151519,Eb7
0.096125,0.042928,0.016000,0.035397,0.236168,0.057028,0.198068,0.317194,0.163651,0.507919,0.080940,0.380932,BMin7
0.079956,0.273499,0.047734,0.065241,0.243670,0.319269,0.661592,0.118046,0.086524,0.021011,0.017793,0.294019,GbMin7
0.201630,0.038986,0.026091,0.076742,0.509640,0.552828,0.154912,0.193800,0.033996,0.043595,0.024787,0.441381,FMaj7
0.123506,0.043961,0.051813,0.067943,0.214202,0.283794,0.076391,0.389897,0.100833,0.050393,0.029915,0.289778,E7
0.117974,0.039039,0.412767,0.235298,0.021352,0.034670,0.048128,0.505786,0.056472,0.038580,0.389234,0.107566,CMin7
0.013982,0.014193,0.029982,0.024714,0.006594,0.016002,0.030551,1.000000,0.639719,0.075411,0.283079,0.029859,Bb7
0.135827,0.007126,0.011625,0.012376,0.199243,0.014802,0.060218,1.000000,0.145773,0.362583,0.081735,0.132728,AMin7
0.122380,0.008023,0.017551,0.066519,0.013420,0.023788,0.065366,1.000000,0.572164,0.081879,0.224702,0.039948,AbMaj7
0.049272,0.008499,0.020604,0.210305,0.015807,0.030461,0.073914,0.755177,0.259380,0.046830,0.172579,0.061075,G7
0.036399,0.023344,0.548393,0.331731,0.016999,0.035305,0.040570,0.759986,0.045923,0.031016,0.407359,0.038864,CMin7
0.012742,0.018763,0.057185,0.021911,0.007144,0.021396,0.032012,1.000000,0.373164,0.087398,0.333307,0.033739,Bb7
0.122773,0.006401,0.006750,0.009944,0.216777,0.013601,0.056723,1.000000,0.076474,0.408436,0.045833,0.124147,AMin7
0.107002,0.009141,0.015875,0.039922,0.011133,0.019867,0.064700,1.000000,0.457027,0.064633,0.177276,0.032673,AbMaj7
0.016283,0.009727,0.087298,0.529838,0.038873,0.229578,0.118088,0.932194,0.122246,0.032364,0.028181,0.090681,G7
0.071223,0.501431,0.069596,0.019058,0.026633,0.045196,0.435065,0.047320,0.035116,0.160471,0.097157,0.236149,BMin7
0.016775,0.676959,0.016774,0.005517,0.011856,0.027889,0.732826,0.034599,0.030621,0.084824,0.013458,0.005408,A7
0.011432,0.108279,0.015956,0.069384,0.015130,0.053522,0.959924,0.079279,0.197065,0.077678,0.083235,0.066881,AbMin7
0.007118,0.026698,0.384205,0.035457,0.029824,0.064995,0.979650,0.551019,0.099037,0.103237,0.036465,0.065058,GMaj7
0.007500,0.033561,0.516224,0.036667,0.058017,0.108767,0.598736,0.258518,0.043418,0.101602,0.105850,0.038585,Gb7
0.041626,0.602041,0.104090,0.009612,0.027027,0.037380,0.599852,0.040675,0.030737,0.225218,0.032378,0.037554,BMin7
0.020403,0.482236,0.016834,0.006845,0.020595,0.042981,0.970547,0.047811,0.041762,0.241510,0.022700,0.006501,A7
0.009197,0.005664,0.012419,0.034508,0.014760,0.055993,1.000000,0.083051,0.094904,0.057421,0.080857,0.070128,AbMin7
0.008122,0.022392,0.383648,0.030734,0.031545,0.097023,0.887227,0.524392,0.075184,0.133203,0.030316,0.069045,GMaj7
0.007478,0.056914,1.000000,0.038521,0.066261,0.131172,0.774171,0.075349,0.029826,0.025256,0.130490,0.012564,Gb7
0.542849,0.078979,0.022562,0.029309,0.053244,0.533000,0.052757,0.036075,0.191928,0.092410,0.113097,0.063073,BbMin7
0.683681,0.017606,0.004166,0.013642,0.032952,0.754949,0.035723,0.032219,0.094345,0.017386,0.007848,0.017983,Ab7
0.110775,0.026141,0.074377,0.018791,0.065187,0.963242,0.072585,0.059471,0.071788,0.121386,0.125389,0.016844,GMin7
0.017503,0.088986,0.022011,0.027226,0.068005,0.987490,0.489352,0.069349,0.126504,0.036798,0.113898,0.010468,GbMaj7
0.029296,0.490153,0.031497,0.056476,0.076377,0.532815,0.297020,0.051623,0.130339,0.078382,0.034047,0.008877,F7
0.639253,0.098228,0.011696,0.024231,0.038334,0.627974,0.048750,0.031444,0.255726,0.035697,0.032917,0.056756,BbMin7
0.055055,0.014966,0.006185,0.013246,0.045577,1.000000,0.213976,0.062733,0.098886,0.032693,0.018644,0.015693,Ab7
0.006187,0.024485,0.275930,0.026569,0.072802,1.000000,0.096621,0.094847,0.065309,0.135567,0.132498,0.014620,GMin7
0.022424,0.149605,0.022542,0.025462,0.081119,1.000000,0.543866,0.079033,0.202897,0.040346,0.109291,0.008779,GbMaj7
0.037345,1.000000,0.037891,0.049236,0.068609,0.418751,0.048076,0.021139,0.017979,0.105832,0.009427,0.005404,F7
0.046146,0.065993,0.033408,0.497726,0.063740,0.008790,0.020153,0.034327,0.528194,0.052063,0.026711,0.220590,DbMin7
0.016611,0.004877,0.013887,0.676458,0.018376,0.005417,0.012475,0.023682,0.780761,0.026721,0.024175,0.079668,B7
0.084682,0.072900,0.008328,0.106513,0.013047,0.099162,0.013984,0.041055,0.967114,0.071916,0.260567,0.061902,BbMin7
0.032284,0.110408,0.007411,0.029338,0.277060,0.028571,0.028583,0.052606,0.921688,0.544698,0.069933,0.139349,AMaj7
0.116087,0.037217,0.006425,0.030855,0.408593,0.025498,0.072167,0.067550,0.400149,0.173067,0.032987,0.207773,Ab7
0.028419,0.032777,0.026116,0.632811,0.071163,0.007960,0.018033,0.027626,0.593447,0.035484,0.020875,0.208443,DbMin7
0.019598,0.007165,0.014141,0.320325,0.013531,0.004442,0.011526,0.032104,1.000000,0.086030,0.044236,0.129660,B7
0.091495,0.083420,0.007822,0.004793,0.010083,0.114605,0.013720,0.040521,1.000000,0.076025,0.315237,0.043729,BbMin7
0.032680,0.128034,0.011412,0.018235,0.059058,0.018154,0.023790,0.054947,1.000000,0.399849,0.068094,0.137553,AMaj7
0.066074,0.009822,0.005449,0.034611,0.803486,0.020715,0.039558,0.061435,0.405033,0.057077,0.011672,0.010608,Ab7
0.049605,0.066978,0.157866,0.149724,0.989828,0.101900,0.113478,0.242141,0.036484,0.090489,0.048319,0.202561,EMin7
0.010095,0.037101,0.031354,0.046058,0.225302,0.131733,0.981925,0.067657,0.035735,0.066400,0.056591,0.033323,Gb7
0.090779,0.150326,0.105170,0.091980,0.209459,0.048234,0.227520,0.066521,0.041582,0.114688,0.132776,0.794996,BMin7
0.055887,0.082254,0.213569,0.089624,0.351327,0.079104,0.215196,0.448549,0.080876,0.318896,0.062623,0.309200,GMaj7
0.056682,0.139676,0.136410,1.000000,0.103688,0.118559,0.232459,0.041716,0.101907,0.054564,0.224456,0.048091,EbMin7
0.036790,0.038148,0.041273,0.211550,0.130542,0.995915,0.071724,0.034850,0.061092,0.060821,0.028200,0.011979,F7
0.113989,0.084642,0.078073,0.222545,0.046634,0.219320,0.073843,0.050766,0.133020,0.146988,0.789010,0.087852,BbMin7
0.085686,0.189362,0.083129,0.373555,0.094849,0.222586,0.442433,0.098380,0.347110,0.065599,0.297698,0.050412,GbMaj7
0.030367,0.168019,0.028505,0.055575,0.135103,0.099757,1.000000,0.072386,0.076662,0.214098,0.026351,0.086286,GbMin7
0.062264,0.031560,0.011537,0.039295,0.033209,0.037660,0.242763,0.129175,0.982883,0.058117,0.034218,0.054727,Ab7
0.126059,0.767863,0.089899,0.164667,0.142795,0.093315,0.260626,0.046124,0.208086,0.055586,0.027679,0.098547,DbMin7
0.050928,0.317480,0.063693,0.115053,0.235034,0.079477,0.358059,0.064928,0.192059,0.359244,0.058183,0.303913,AMaj7
0.096369,0.034999,0.208473,0.029376,0.050927,0.149629,0.091406,1.000000,0.072681,0.087851,0.223671,0.025976,GMin7
0.060400,0.067900,0.034318,0.012555,0.038471,0.032948,0.039609,0.235400,0.111375,0.984615,0.047639,0.026399,A7
0.107574,0.118352,0.774966,0.084275,0.156702,0.115079,0.095392,0.307464,0.051524,0.230645,0.048701,0.022929,DMin7
0.282502,0.049551,0.306851,0.059605,0.121997,0.261417,0.096081,0.356023,0.062744,0.175525,0.329232,0.049500,BbMaj7
0.442322,0.308297,0.486465,0.598717,0.179665,0.388877,0.098526,0.064097,0.101738,0.085274,0.136402,0.254223,FMin7
0.370586,0.283610,0.308212,0.353431,0.133457,0.737851,0.084688,0.047884,0.207214,0.083336,0.124525,0.212114,DbMin7
0.537150,0.329269,0.551320,0.641131,0.170335,0.149041,0.089414,0.081058,0.050142,0.101873,0.186334,0.323115,CMin7
0.272588,0.157421,0.245672,0.502144,0.206268,0.115150,0.055473,0.051778,0.190118,0.076742,0.139382,0.186090,EMaj7
0.341343,0.538575,0.582428,0.145087,0.275196,0.072323,0.059462,0.085390,0.101751,0.168396,0.281202,0.499930,EMin7
0.367782,0.298615,0.256163,0.096253,0.678284,0.059533,0.037798,0.209755,0.106167,0.172787,0.290512,0.406557,CMin7
0.395344,0.595425,0.569150,0.131861,0.116851,0.062074,0.062561,0.053452,0.098994,0.236992,0.335035,0.526585,BMin7
0.183517,0.293181,0.483801,0.184578,0.093372,0.048617,0.053465,0.226999,0.075086,0.134804,0.201642,0.261196,EbMaj7
0.565922,0.616699,0.169623,0.288077,0.077674,0.066184,0.099376,0.115176,0.194074,0.295936,0.514920,0.393500,EbMin7
0.308857,0.301100,0.120522,0.596705,0.078027,0.057377,0.251391,0.116947,0.172798,0.285603,0.440121,0.380345,BMin7
0.570284,0.591646,0.153666,0.115572,0.071585,0.079712,0.066998,0.128342,0.270391,0.362186,0.559892,0.400722,BbMin7
0.295891,0.446430,0.206688,0.095681,0.056051,0.056650,0.292072,0.101653,0.167516,0.232114,0.286341,0.199843,FMaj7
0.215112,0.448030,0.385723,0.580129,0.507761,0.147888,0.384708,0.050719,0.046894,0.070039,0.064226,0.117060,GbMin7
0.203376,0.365914,0.336671,0.424978,0.411600,0.115475,0.693684,0.040412,0.034799,0.134102,0.061314,0.120070,DMin7
0.264782,0.483313,0.391967,0.598416,0.509241,0.132302,0.129593,0.044933,0.050542,0.033910,0.067086,0.172260,DbMin7
0.166711,0.245436,0.205935,0.409681,0.544943,0.156832,0.092907,0.033655,0.039627,0.188479,0.058282,0.112659,FMaj7
0.072780,0.133603,0.413765,0.335219,0.570787,0.526010,0.140000,0.367078,0.056688,0.044428,0.067327,0.034523,GMin7
0.052307,0.120059,0.315102,0.311487,0.379918,0.392718,0.089741,0.718022,0.045164,0.034576,0.161332,0.033386,EbMin7
0.126419,0.220171,0.427112,0.317786,0.569349,0.535390,0.145333,0.127956,0.043533,0.048945,0.023418,0.038503,DMin7
0.084491,0.136134,0.227461,0.173337,0.405284,0.599244,0.175898,0.110776,0.039508,0.040504,0.150428,0.032124,GbMaj7
0.650349,0.069087,0.174348,0.075488,0.082078,0.271212,0.045538,0.128144,0.026519,0.034925,0.072234,0.079101,CMin7
0.113656,0.015306,0.026692,0.094563,0.037607,0.249891,0.036086,0.097785,0.501618,0.046085,0.313712,0.031110,AbMaj7
0.079659,0.027198,0.060003,0.074967,0.085152,0.880867,0.080855,0.422549,0.072030,0.026011,0.036548,0.032938,FMin7
0.033482,0.014516,0.051430,0.076687,0.044104,0.309546,0.093760,0.652924,0.309944,0.032870,0.291287,0.038720,G7
0.066164,0.188926,0.083943,0.062370,0.258871,0.046718,0.131695,0.023107,0.033769,0.076677,0.083612,0.639466,BMin7
0.018068,0.028408,0.100051,0.039645,0.228927,0.039935,0.096199,0.512113,0.045589,0.302612,0.031147,0.115681,GMaj7
0.022407,0.064001,0.083325,0.075236,0.880989,0.085345,0.421747,0.057495,0.027166,0.034422,0.039301,0.088400,EMin7
0.014925,0.041801,0.063730,0.049925,0.307367,0.086129,0.660489,0.291685,0.027300,0.278105,0.042335,0.026073,Gb7
0.170672,0.081180,0.059014,0.256266,0.047698,0.115544,0.027750,0.040822,0.096308,0.093919,0.676240,0.074922,BbMin7
0.024857,0.091997,0.034040,0.216768,0.039405,0.096816,0.502809,0.050776,0.317033,0.034179,0.141894,0.019996,GbMaj7
0.061205,0.080560,0.091254,0.849832,0.104561,0.447732,0.060797,0.031588,0.046247,0.044728,0.118306,0.028173,EbMin7
0.045409,0.064056,0.054028,0.299734,0.100817,0.668100,0.299383,0.030483,0.315982,0.039732,0.027560,0.015938,F7
0.063011,0.648313,0.067676,0.236699,0.105802,0.073343,0.287116,0.046468,0.115639,0.017742,0.028497,0.063676,DbMin7
0.026108,0.125554,0.018183,0.033013,0.108425,0.035751,0.254678,0.038364,0.094412,0.482441,0.035869,0.295449,AMaj7
0.032374,0.083453,0.022785,0.052380,0.092308,0.069822,0.955791,0.072616,0.401717,0.047625,0.023649,0.035253,GbMin7
0.034677,0.026157,0.014368,0.048327,0.069862,0.042288,0.319217,0.078399,0.678686,0.280499,0.024614,0.271920,Ab7
0.066712,0.064302,0.630041,0.062710,0.272369,0.092759,0.063050,0.280464,0.042924,0.119942,0.016425,0.027297,DMin7
0.273543,0.025798,0.117494,0.017580,0.028581,0.120109,0.031883,0.245717,0.033928,0.085624,0.476037,0.035473,BbMaj7
0.034312,0.028908,0.091851,0.019327,0.046013,0.091051,0.058334,0.929011,0.059923,0.396150,0.051080,0.024284,GMin7
0.259580,0.035697,0.029722,0.013847,0.043375,0.067086,0.038819,0.312054,0.077755,0.670414,0.278888,0.023645,A7
0.076485,0.341608,0.172650,0.940203,0.127238,0.181486,0.110077,0.031751,0.094816,0.059108,0.306477,0.078732,EbMin7
0.084563,0.153523,0.144023,0.469452,0.089996,0.129578,0.157629,0.161383,0.453101,0.062368,0.123199,0.035662,Ab7
0.116110,0.171090,0.897212,0.331119,0.078647,0.044481,0.081202,0.220098,0.242068,0.090337,0.082667,0.055635,AbMaj7
0.071624,0.060470,0.112485,0.103891,0.040400,0.077327,0.244330,1.000000,0.166386,0.065772,0.090051,0.088942,G7
0.421032,0.103614,0.073458,0.035842,0.028864,0.038110,0.101135,0.480412,0.076057,0.056607,0.099248,0.139700,CMin7
0.121549,0.368471,0.065726,0.050345,0.030159,0.158287,0.037751,0.029821,0.084351,0.087513,0.425154,0.130909,BbMin7
0.081003,0.400623,0.167825,0.980471,0.094098,0.179819,0.041116,0.093627,0.081421,0.036967,0.110321,0.061153,Eb7
0.452074,0.137267,0.116348,0.116700,0.036030,0.038289,0.091242,0.349735,0.072011,0.063918,0.142172,0.145121,CMin7
0.849758,0.101638,0.063322,0.102893,0.072344,0.054371,0.031132,0.050400,0.077879,0.095764,0.371060,0.163483,C7
0.293356,0.046071,0.053245,0.079917,0.105093,0.536531,0.086244,0.199951,0.053119,0.028709,0.039763,0.049361,FMin7
0.077510,0.332792,0.226970,1.000000,0.153295,0.185955,0.109858,0.033139,0.053646,0.025868,0.080347,0.050615,EbMin7
0.126606,0.148527,0.131733,0.501706,0.149865,0.193416,0.221611,0.192704,0.273148,0.075998,0.220367,0.058022,Ab7
0.323352,0.039635,0.059201,0.094455,0.082836,0.424466,0.082652,0.257962,0.094562,0.037111,0.040859,0.041046,FMin7
0.329794,0.188740,0.535473,0.141139,0.230806,0.066953,0.036686,0.124853,0.067755,0.395174,0.076465,0.069746,DMin7
0.117742,0.085443,0.296479,0.098823,0.172930,0.136515,0.172148,0.425766,0.081172,0.243076,0.058685,0.067479,G7
0.122359,0.338379,0.239747,0.058146,0.076580,0.148211,0.671903,0.233615,0.089303,0.086363,0.060928,0.171386,GMaj7
0.034250,0.071290,0.040648,0.032199,0.073858,0.266148,1.000000,0.126050,0.050967,0.070273,0.060605,0.054063,Gb7
0.092514,0.073745,0.024414,0.027844,0.035635,0.113329,0.510151,0.064797,0.045480,0.078680,0.117811,0.393827,BMin7
0.291276,0.067548,0.075509,0.031944,0.176589,0.035054,0.042090,0.107213,0.054295,0.131449,0.135308,0.291265,AMin7
0.295511,0.166957,1.000000,0.093019,0.183727,0.031746,0.086649,0.108220,0.037463,0.091511,0.054078,0.072836,D7
0.114576,0.106558,0.074866,0.034132,0.038324,0.095912,0.384613,0.061790,0.050057,0.111981,0.117130,0.405027,BMin7
0.073268,0.048292,0.093908,0.059937,0.075005,0.024904,0.054059,0.074027,0.083274,0.608435,0.146417,0.255968,B7
0.044961,0.046462,0.080490,0.124593,0.685031,0.118804,0.222902,0.058287,0.025960,0.037061,0.045720,0.273998,EMin7
0.289922,0.206044,1.000000,0.164958,0.224836,0.111187,0.037405,0.052084,0.024337,0.085000,0.039091,0.071123,DMin7
0.153347,0.113506,0.460653,0.165390,0.272288,0.155292,0.160533,0.420593,0.067087,0.289102,0.061886,0.122515,G7
0.040252,0.060757,0.098671,0.092071,0.438726,0.086508,0.125939,0.084146,0.032037,0.035820,0.043381,0.326420,EMin7
0.085584,0.173465,0.062551,0.239820,0.064042,0.043279,0.155338,0.060118,1.000000,0.091830,0.079699,0.247851,DbMin7
0.043768,0.082813,0.054425,0.159220,0.152030,0.172885,0.500543,0.127090,0.512698,0.044339,0.075049,0.062832,Gb7
0.100648,0.055387,0.040036,0.056635,0.178828,0.883101,0.265142,0.084282,0.058789,0.049976,0.127757,0.046298,GbMaj7
0.049483,0.049784,0.034560,0.072340,0.288270,1.000000,0.151771,0.050103,0.076740,0.071464,0.052461,0.034275,F7
0.071508,0.029879,0.026039,0.036330,0.117333,0.496400,0.077501,0.049536,0.091980,0.133006,0.397421,0.098939,BbMin7
0.065159,0.088059,0.034538,0.184363,0.032606,0.046467,0.160873,0.096260,0.390268,0.161532,0.197680,0.312876,AbMin7
0.187167,0.986068,0.128665,0.189130,0.040910,0.051122,0.110641,0.043443,0.151820,0.076051,0.096188,0.411231,Db7
0.101005,0.073480,0.035200,0.039310,0.090560,0.328129,0.064686,0.053691,0.149768,0.126649,0.411324,0.111585,BbMin7
0.064464,0.096707,0.049319,0.077274,0.023840,0.053322,0.075532,0.114478,0.652573,0.203475,0.746783,0.124691,Bb7
0.052438,0.076206,0.117308,0.676900,0.104294,0.204959,0.053531,0.026680,0.037236,0.046606,0.186673,0.044457,EbMin7
0.209208,1.000000,0.181924,0.244911,0.109635,0.029528,0.053148,0.029808,0.102184,0.057448,0.077606,0.300229,DbMin7
0.117325,0.459399,0.164938,0.233832,0.152471,0.127924,0.390379,0.089004,0.256969,0.074060,0.135219,0.155807,Gb7
0.060212,0.093216,0.097341,0.457805,0.089883,0.224281,0.057707,0.022298,0.022802,0.046159,0.315452,0.044152,EbMin7
0.078566,0.052008,0.202741,0.165845,0.721990,0.124802,0.220977,0.087119,0.022539,0.093794,0.056501,0.318846,EMin7
0.039933,0.073002,0.120838,0.117880,0.402522,0.068792,0.178532,0.127822,0.171762,0.334030,0.052575,0.155569,A7
0.054652,0.107813,0.116964,0.755961,0.119205,0.034307,0.050444,0.111813,0.523723,0.170545,0.076720,0.064630,AMaj7
0.068075,0.046661,0.038986,0.061557,0.057762,0.026096,0.067621,0.232460,1.000000,0.124940,0.050454,0.103276,Ab7
0.136481,0.406922,0.101018,0.071416,0.025369,0.026712,0.031981,0.102691,0.517404,0.062314,0.042128,0.097957,DbMin7
0.151452,0.265238,0.265874,0.063553,0.054913,0.027066,0.103805,0.037025,0.034508,0.079570,0.060845,0.193893,BMin7
0.048638,0.089326,0.318612,0.150504,1.000000,0.073632,0.192960,0.040860,0.122982,0.103667,0.027184,0.133300,E7
0.113177,0.353722,0.097913,0.095366,0.075403,0.027220,0.033364,0.076965,0.398870,0.050425,0.045829,0.127701,DbMin7
0.151661,0.691360,0.076877,0.051803,0.050670,0.047500,0.045156,0.019181,0.040850,0.057780,0.077412,0.571588,Db7
0.038619,0.250021,0.034986,0.051058,0.062502,0.086911,0.591463,0.087266,0.208698,0.040827,0.021111,0.031092,GbMin7
0.037140,0.081095,0.304828,0.176815,1.000000,0.138901,0.231996,0.099554,0.023833,0.038640,0.017434,0.101627,EMin7
0.059700,0.124651,0.115803,0.088647,0.423107,0.129792,0.325149,0.204407,0.226321,0.416421,0.067108,0.186585,A7
0.035128,0.320477,0.033448,0.057522,0.081547,0.077755,0.437914,0.082052,0.141682,0.075803,0.025883,0.026672,GbMin7
1.000000,0.069989,0.043676,0.209245,0.071648,0.174698,0.059887,0.179464,0.039936,0.027400,0.111430,0.081205,FMin7
0.397827,0.029062,0.074958,0.086643,0.049006,0.135862,0.066533,0.165589,0.133562,0.154194,0.514082,0.066595,Bb7
0.080312,0.040276,0.124786,0.111975,0.868451,0.108856,0.027933,0.055058,0.092337,0.564682,0.191947,0.062210,BbMaj7
0.093543,0.064013,0.056515,0.037583,0.069613,0.074700,0.024342,0.051501,0.190707,1.000000,0.116712,0.044173,A7
0.090627,0.124672,0.455954,0.090443,0.063919,0.026314,0.022265,0.028511,0.088146,0.484043,0.052312,0.044948,DMin7
0.607567,0.134398,0.164464,0.198544,0.050019,0.045716,0.038207,0.153896,0.036998,0.037892,0.116579,0.094810,CMin7
0.098835,0.043649,0.078899,0.307003,0.112494,1.000000,0.064776,0.182137,0.033508,0.150462,0.105831,0.027171,F7
0.116103,0.104100,0.329553,0.092710,0.085353,0.068971,0.025042,0.027613,0.063496,0.374311,0.046408,0.041388,DMin7
1.000000,0.114539,0.155498,0.077456,0.044870,0.140375,0.047849,0.059518,0.018452,0.041863,0.090644,0.081250,D7
0.028086,0.025415,0.179850,0.026809,0.039295,0.074560,0.094576,0.709378,0.097480,0.154920,0.066359,0.022832,GMin7
0.068792,0.031671,0.062232,0.304850,0.151384,1.000000,0.124859,0.224927,0.081323,0.022523,0.021612,0.013519,FMin7
0.254583,0.054318,0.104285,0.135498,0.080889,0.417075,0.119805,0.250374,0.158577,0.137707,0.292252,0.061827,Bb7
0.025486,0.032385,0.336662,0.031997,0.055608,0.111905,0.065585,0.445429,0.082776,0.153694,0.074618,0.027076,GMin7
0.636716,0.334417,0.198587,0.160207,0.131947,0.297604,0.237416,0.367786,0.147095,0.052579,0.058468,0.100088,FMin7
0.250652,0.697398,0.124895,0.096629,0.053037,0.116602,0.164233,0.126753,0.197920,0.043750,0.057352,0.054465,GbMaj7
0.708791,0.328724,0.164524,0.138688,0.081877,0.133853,0.099812,0.287431,0.106013,0.036854,0.042009,0.111799,FMin7
0.220080,0.345350,0.131658,0.214606,0.041500,0.069710,0.098930,0.323728,0.683496,0.088760,0.049216,0.059608,Db7
0.448469,0.321561,0.208516,0.104290,0.066395,0.107561,0.236353,0.576832,0.174056,0.063483,0.049285,0.077532,CMin7
0.296317,0.458138,0.161095,0.228540,0.045438,0.076073,0.093081,0.365321,0.616502,0.086628,0.052553,0.053517,DbMaj7
0.252024,0.167693,0.194205,0.080048,0.051025,0.080853,0.241605,0.711313,0.129958,0.051120,0.043151,0.035455,CMin7
0.185404,1.000000,0.135478,0.049169,0.051594,0.331586,0.124613,0.167923,0.180400,0.067399,0.068736,0.065972,BbMin7
0.132257,1.000000,0.086500,0.030906,0.043575,0.271195,0.069230,0.124264,0.092011,0.030793,0.031355,0.051997,DbMaj7
0.282475,0.182364,0.194485,0.173689,0.420744,0.311287,0.504189,0.258686,0.099488,0.098852,0.114355,0.270176,EMin7
0.708267,0.142502,0.196639,0.092033,0.135085,0.189940,0.173442,0.271273,0.062749,0.077125,0.066919,0.137423,FMaj7
0.335506,0.157524,0.168417,0.106112,0.222087,0.134548,0.357638,0.182362,0.065738,0.060095,0.132299,0.455701,EMin7
0.180720,0.130935,0.281121,0.076324,0.090382,0.107707,0.486209,0.784566,0.141860,0.058470,0.056475,0.122611,C7
0.290479,0.227697,0.124365,0.095051,0.163924,0.243729,0.626811,0.201142,0.078029,0.053496,0.097343,0.275349,BMin7
0.435726,0.222550,0.260459,0.075817,0.101462,0.098367,0.343778,0.558004,0.112022,0.057368,0.053250,0.126339,CMaj7
0.106133,0.207890,0.072143,0.050480,0.091544,0.227859,0.693440,0.148959,0.054370,0.038082,0.036824,0.071901,BMin7
0.726366,0.106539,0.047183,0.044801,0.311828,0.157727,0.351591,0.198009,0.073317,0.046263,0.059575,0.095157,AMin7
1.000000,0.110314,0.026556,0.029565,0.306472,0.092477,0.160863,0.063463,0.020256,0.024118,0.050997,0.111496,CMaj7
0.148618,0.208439,0.204114,0.479119,0.362841,0.584899,0.267130,0.090054,0.107392,0.140953,0.293303,0.101514,EbMin7
0.138991,0.175996,0.111143,0.191226,0.239505,0.205413,0.398226,0.058631,0.090354,0.073050,0.173132,0.583582,EMaj7
0.145003,0.171208,0.139956,0.300562,0.159642,0.387820,0.209988,0.071604,0.066167,0.150892,0.448397,0.155714,EbMin7
0.154780,0.294998,0.060029,0.083656,0.128120,0.421431,0.783275,0.155219,0.067641,0.090767,0.183150,0.305284,B7
0.248126,0.127548,0.109040,0.159407,0.276306,0.672578,0.225087,0.074596,0.063016,0.103597,0.199435,0.136570,BbMin7
0.195178,0.274464,0.075161,0.076054,0.108276,0.369782,0.749563,0.121077,0.076286,0.066847,0.109284,0.206561,BMaj7
0.238790,0.084510,0.067878,0.120040,0.241803,0.729122,0.126441,0.044972,0.038203,0.051899,0.084420,0.046118,BbMin7
0.129915,0.111928,0.085169,0.357744,0.208685,0.249794,0.227427,0.077430,0.076008,0.055703,0.130733,0.891455,AbMin7
0.102983,0.049856,0.048410,0.272158,0.087055,0.183909,0.101911,0.020540,0.027124,0.049821,0.137452,1.000000,BMaj7
0.256518,0.573751,0.322118,0.191856,0.144905,0.133534,0.318867,0.259200,0.394733,0.195647,0.058874,0.077469,GbMin7
0.135229,0.298148,0.695114,0.120333,0.121863,0.067872,0.137192,0.156901,0.139163,0.157171,0.040593,0.078724,GMaj7
0.225756,0.713135,0.286297,0.155507,0.127989,0.094775,0.165698,0.102063,0.306618,0.108917,0.032001,0.031238,GbMin7
0.124989,0.230269,0.252639,0.126975,0.215996,0.057588,0.082444,0.085532,0.407647,0.741256,0.089711,0.048641,D7
0.209568,0.499321,0.348627,0.228332,0.114328,0.092842,0.147603,0.235202,0.582356,0.166127,0.058785,0.051071,DbMin7
0.139432,0.301836,0.510247,0.173593,0.222620,0.051295,0.080308,0.082995,0.367149,0.534834,0.083121,0.058001,DMaj7
0.167767,0.366171,0.179606,0.197237,0.080861,0.052431,0.074116,0.207223,0.651150,0.119157,0.043717,0.036309,DbMin7
0.097986,0.268448,0.938146,0.123782,0.052758,0.062489,0.240017,0.120969,0.220550,0.209076,0.066360,0.069409,BMin7
0.069392,0.196119,1.000000,0.081507,0.032376,0.037014,0.240017,0.082723,0.154560,0.087996,0.023776,0.032331,DMaj7
0.103579,0.248101,0.667482,0.276532,0.146308,0.107451,0.139185,0.272283,0.214732,0.419164,0.183816,0.060924,GMin7
0.112523,0.157255,0.348505,0.620275,0.105135,0.102476,0.066231,0.123988,0.126616,0.119662,0.246018,0.042560,AbMaj7
0.082619,0.218366,0.727415,0.288699,0.115518,0.084558,0.075800,0.134895,0.095469,0.276181,0.091011,0.026833,GMin7
0.088666,0.142727,0.278312,0.292660,0.132235,0.251560,0.052859,0.089684,0.084082,0.393444,0.778346,0.108588,Eb7
0.090729,0.203209,0.481435,0.329174,0.209126,0.085316,0.070286,0.115694,0.203512,0.587390,0.139233,0.045657,DMin7
0.093518,0.153587,0.326937,0.501272,0.177762,0.217855,0.047318,0.072941,0.074249,0.295277,0.565011,0.067558,EbMaj7
0.089808,0.222092,0.536614,0.218521,0.225034,0.085592,0.063444,0.083710,0.184059,0.620281,0.093138,0.037647,DMin7
0.092427,0.093643,0.252922,1.000000,0.124063,0.051419,0.044485,0.213405,0.097514,0.149959,0.131346,0.049771,CMin7
0.028382,0.062723,0.174548,1.000000,0.077925,0.024387,0.025843,0.197609,0.069636,0.136635,0.067194,0.015928,EbMaj7
0.302113,0.021288,0.060478,0.030454,0.821536,0.105294,0.016618,0.016708,0.018943,0.262152,0.012370,0.022602,DMin7
0.526053,0.019296,0.040900,0.136548,0.017489,0.028824,0.025649,0.434427,0.201551,0.066905,0.215860,0.035171,Bb7
0.050682,0.011724,0.295902,0.028574,0.318102,0.015763,0.037014,0.535609,0.049383,0.147181,0.041298,0.089758,AMin7
0.020516,0.029472,0.548155,0.074595,0.004449,0.008975,0.026140,0.883817,0.030288,0.037634,0.675021,0.026623,CMin7
0.022876,0.069610,0.031630,0.802366,0.068673,0.016986,0.024527,0.022455,0.294671,0.015613,0.032743,0.165985,DbMin7
0.019195,0.036018,0.259297,0.016584,0.020518,0.027481,0.390495,0.168506,0.056580,0.202330,0.041223,0.564784,A7
0.011837,0.327882,0.025398,0.271458,0.013645,0.035405,0.585356,0.073548,0.096260,0.050400,0.094715,0.044340,AbMin7
0.023435,0.416824,0.032802,0.003814,0.010380,0.030416,0.918565,0.036226,0.026607,0.222528,0.019932,0.019388,BMin7
0.065965,0.035633,0.788919,0.054534,0.018286,0.020185,0.020623,0.211048,0.016909,0.025907,0.197786,0.025135,CMin7
0.034799,0.231023,0.019814,0.019795,0.025296,0.363519,0.125009,0.066435,0.257591,0.046372,0.549700,0.022082,Ab7
0.360638,0.029208,0.290414,0.016267,0.033529,0.513474,0.073740,0.206591,0.056403,0.068569,0.041856,0.013770,GMin7
0.528463,0.033421,0.003536,0.011992,0.027038,0.841321,0.043124,0.037196,0.715552,0.041769,0.027309,0.025083,BbMin7
0.027426,0.276470,0.023606,0.071526,0.036032,0.752756,0.063334,0.016122,0.024983,0.021140,0.277227,0.011403,EbMin7
0.034607,0.572069,0.018473,0.033513,0.229863,0.015792,0.032652,0.022471,0.373570,0.112865,0.049993,0.187541,B7
0.116635,0.037855,0.010735,0.247900,0.020793,0.320940,0.012121,0.030373,0.575407,0.061239,0.118326,0.043521,BbMin7
0.016980,0.023396,0.024414,0.491159,0.044643,0.003635,0.009465,0.026056,0.926306,0.030082,0.025018,0.245370,DbMin7
0.012675,0.023308,0.300414,0.022991,0.072766,0.030470,0.741385,0.060499,0.018633,0.032314,0.023675,0.333593,EMin7
0.257144,0.040319,0.551719,0.017255,0.027917,0.282415,0.019047,0.031629,0.024117,0.376572,0.122565,0.056448,C7
0.042336,0.129139,0.041165,0.009531,0.145113,0.016708,0.316136,0.010482,0.031421,0.610364,0.063260,0.162761,AMin7
0.544964,0.023504,0.027322,0.029605,0.479882,0.055513,0.004781,0.009842,0.024914,0.925023,0.029639,0.032375,CMin7
0.011748,0.338776,0.973911,0.193574,0.501151,0.108041,0.306972,0.204665,0.085480,0.227744,0.194247,0.577727,EbMin7
0.301262,0.845351,0.057836,0.121236,0.007399,0.077232,0.210365,0.307911,0.881970,0.127494,0.463689,0.521248,GMin7
0.212040,0.553184,0.059837,0.145353,0.115154,0.046923,0.122039,0.034832,0.092670,0.009993,0.331055,0.991531,CMin7
0.281370,0.014520,0.052291,0.122039,0.304986,0.830309,0.083245,0.231262,0.269833,0.291839,0.820669,0.117522,EMin7
0.262095,0.264511,0.080903,0.204116,0.018224,0.047316,0.035028,0.357287,0.963120,0.331616,0.890054,0.120323,AMin7
0.571075,0.403507,0.966131,0.153862,0.486605,0.614337,0.310745,0.880716,0.150870,0.321170,0.055481,0.212972,DbMin7
0.386654,0.944190,0.227779,0.519816,0.079279,0.142754,0.024427,0.080731,0.174301,0.218565,0.567685,0.017823,DMin7
0.566175,0.023838,0.041887,0.002265,0.033114,0.081769,0.372150,0.951296,0.146809,0.597610,0.588287,0.261019,GbMin7
0.541938,0.032455,0.058558,0.043479,0.033658,0.080939,0.027676,0.059049,0.020397,0.398916,0.993346,0.234687,BMin7
0.023035,0.054786,0.103978,0.309452,0.781381,0.053227,0.122516,0.107952,0.300929,0.751040,0.057017,0.102268,EbMin7
0.214076,0.049935,0.105911,0.015082,0.028810,0.025729,0.310034,0.720845,0.387121,1.000000,0.088515,0.199556,AbMin7
0.413631,0.734496,0.155446,0.545658,0.606030,0.403007,0.921049,0.101139,0.134926,0.056149,0.282458,0.653891,CMin7
0.961603,0.252099,0.565798,0.112650,0.230381,0.035345,0.144554,0.291178,0.260033,0.623979,0.021475,0.397826,DbMin7
0.055477,0.038530,0.002484,0.021569,0.051624,0.370373,0.941747,0.141864,0.573743,0.640183,0.322863,0.700064,FMin7
0.032348,0.037942,0.033023,0.036505,0.074096,0.033940,0.068632,0.020688,0.401519,0.997562,0.263098,0.605169,BbMin7
0.057762,0.105268,0.324970,0.693164,0.058548,0.067683,0.025688,0.297766,0.733291,0.153354,0.319151,0.017552,DMin7
0.069412,0.127055,0.027875,0.047190,0.037315,0.406912,0.969580,0.398057,0.862823,0.122886,0.291526,0.330009,GMin7
0.941258,0.157593,0.504164,0.614385,0.339984,0.717564,0.093826,0.131295,0.059827,0.282792,0.624845,0.537854,BMin7
0.222429,0.565580,0.012122,0.401457,0.967606,0.205288,0.467895,0.071807,0.133677,0.026750,0.105505,0.253109,FMin7
0.520567,0.372961,0.299637,0.646880,0.031760,0.053830,0.002594,0.024634,0.060704,0.385720,0.957659,0.150784,AMin7
0.390116,0.985180,0.200838,0.463324,0.042567,0.161430,0.142746,0.048895,0.101839,0.031180,0.057604,0.010199,DMin7
0.815802,0.070259,0.146269,0.006128,0.036471,0.079802,0.336795,0.816724,0.061790,0.089541,0.042117,0.328644,GbMin7
0.999905,0.097624,0.369181,0.380289,0.077162,0.157325,0.016951,0.031037,0.023262,0.382668,0.821703,0.389275,BMin7
0.055935,0.192619,0.428204,0.478610,0.893164,0.199303,0.681334,0.595966,0.316749,0.712342,0.099407,0.175319,EbMin7
0.018942,0.023464,0.006457,0.039496,0.010115,0.094865,0.015990,0.032247,0.973801,0.079266,0.311805,0.056352,BbMin7
0.093115,0.110851,0.011050,0.070588,0.007659,0.006208,0.192609,0.047578,0.967284,0.048476,0.379980,0.865486,BbMaj7
0.085337,0.040314,0.026993,0.491120,0.694726,0.045539,0.114375,0.040148,0.923397,0.054793,0.102060,0.739345,EMaj7
0.032477,0.217496,0.018450,0.105633,0.023238,0.303273,0.072709,0.035455,1.000000,0.064735,0.239626,0.026010,EbMin7
0.016030,0.115237,0.041530,0.477854,0.044361,0.052161,0.229066,0.036289,0.447578,0.061841,0.778588,0.241372,AbMin7
0.025108,0.012852,0.011207,0.013286,0.009979,0.075481,0.034418,0.034599,0.908257,0.088343,0.315147,0.102693,Bb7
0.019655,0.008070,0.033244,0.013415,0.106968,0.023025,0.037669,0.978314,0.069180,0.122213,0.058763,0.024842,AMin7
0.096588,0.014766,0.059829,0.008330,0.011397,0.200557,0.077426,0.902072,0.119063,0.190766,0.955613,0.107138,AMaj7
0.033836,0.015728,0.113082,0.027798,0.014705,0.091535,0.059678,0.906905,0.092123,0.098291,0.765492,0.098860,EbMaj7
0.073607,0.015495,0.075826,0.028588,0.262104,0.070332,0.051786,1.000000,0.107788,0.215860,0.039874,0.038359,DMin7
0.081924,0.042127,0.470911,0.064043,0.051589,0.215175,0.050429,0.416804,0.092606,0.682227,0.147122,0.018596,GMin7
0.012416,0.011189,0.016019,0.012292,0.089589,0.045971,0.042859,0.921128,0.092347,0.175831,0.131336,0.025761,A7
0.009067,0.075755,0.017184,0.107312,0.021364,0.040738,1.000000,0.091480,0.089667,0.029741,0.087441,0.038509,AbMin7
0.025007,0.056236,0.010690,0.012657,0.141398,0.098017,1.000000,0.185405,0.230225,0.606573,0.125008,0.153792,AbMaj7
0.022344,0.175417,0.130121,0.041483,0.066375,0.057897,0.945870,0.103318,0.088590,0.495653,0.072373,0.025045,DMaj7
0.031900,0.051132,0.028423,0.303516,0.088700,0.052775,0.984566,0.114040,0.284597,0.052794,0.038805,0.187272,DbMin7
0.045779,0.699166,0.069368,0.044326,0.118287,0.023158,0.191545,0.079020,0.701537,0.165794,0.026942,0.064041,GbMin7
0.014137,0.016976,0.013857,0.093068,0.055648,0.046997,0.924078,0.114602,0.397226,0.113108,0.023658,0.024294,Ab7
0.035790,0.029083,0.011975,0.006103,0.035236,0.015291,0.141533,0.019651,0.038487,0.987255,0.070491,0.246068,BMin7
0.814380,0.102023,0.075469,0.010861,0.073297,0.006094,0.011983,0.241901,0.081744,0.931029,0.094763,0.193358,BMaj7
0.863037,0.080960,0.039856,0.030587,0.443676,0.316336,0.033064,0.091770,0.050773,0.708024,0.051079,0.099558,FMaj7
0.032771,0.028086,0.075616,0.022554,0.113114,0.036872,0.309051,0.085436,0.050499,0.913193,0.083659,0.329914,EMin7
0.097595,0.015459,0.105740,0.046789,0.475968,0.041855,0.038088,0.133371,0.050758,0.508768,0.077249,0.663945,AMin7
0.064543,0.013044,0.007094,0.012793,0.015844,0.015534,0.127277,0.059428,0.051077,0.973320,0.083416,0.382051,B7
0.345228,0.055754,0.015490,0.017022,0.008465,0.030384,0.014954,0.141282,0.017190,0.066028,0.972455,0.070314,CMin7
0.173862,0.737215,0.070135,0.112694,0.013032,0.068013,0.004719,0.014210,0.171042,0.091042,1.000000,0.065289,CMaj7
0.139151,0.808598,0.061233,0.042462,0.033120,0.689801,0.260765,0.033547,0.104913,0.064528,0.783323,0.056492,GbMaj7
0.068403,0.017209,0.029252,0.108030,0.035842,0.150270,0.050800,0.402733,0.076513,0.086493,0.987506,0.055159,FMin7
0.659700,0.082889,0.018452,0.098793,0.050444,0.432500,0.029869,0.047116,0.180789,0.066055,0.570602,0.081186,BbMin7
0.474808,0.033537,0.007303,0.011001,0.023200,0.023259,0.022759,0.145309,0.071740,0.065599,0.960811,0.079283,C7
0.014449,0.026056,0.019993,0.110778,0.096318,0.067257,1.000000,0.071208,0.108610,0.016703,0.067327,0.036536,Gb7
0.207243,0.093905,0.645942,0.104396,0.392726,0.058497,0.241380,0.271551,0.215235,0.538862,0.070680,0.098930,AMin7
0.007520,0.025650,0.134887,0.027324,0.086188,0.038563,0.218795,1.000000,0.085101,0.159681,0.033075,0.075364,GMaj7
0.022428,0.029903,0.052962,0.048396,0.133839,0.073506,1.000000,0.088803,0.076626,0.020170,0.079746,0.021882,Gb7
0.169675,0.051744,0.356217,0.153143,0.461548,0.719562,0.127697,0.494720,0.132579,0.613257,0.026101,0.073263,FMaj7
0.048617,0.131480,0.530086,0.087782,0.097310,0.051433,0.048223,0.362290,0.711436,0.088551,0.235468,0.067744,E7
0.188459,0.081092,0.657873,0.079255,0.220866,0.043664,0.162229,0.803350,0.311067,0.757497,0.086866,0.225328,AMin7
0.038042,0.022505,0.142779,0.078733,0.063533,1.000000,0.062800,0.073712,0.016547,0.032228,0.064404,0.016810,F7
0.095053,0.579180,0.082777,0.177121,0.049567,0.235311,0.285029,0.207970,0.474952,0.059838,0.117617,0.181508,AbMin7
0.027395,0.108487,0.022667,0.056445,0.027963,0.195882,1.000000,0.094774,0.153615,0.027730,0.074975,0.007400,GbMaj7
0.062458,0.298575,0.096414,0.176794,0.128485,0.852647,0.221042,0.096913,0.050802,0.190515,0.077090,0.129105,F7
0.048560,0.344325,0.113548,0.421778,0.173413,0.094330,0.607972,0.080547,0.609841,0.029671,0.071170,0.127438,EMaj7
0.120962,0.461038,0.059088,0.049625,0.051426,0.058097,0.363860,0.935200,0.093173,0.264512,0.072163,0.053836,Eb7
0.054504,0.412943,0.060405,0.134783,0.028328,0.135732,0.848096,0.253043,0.443442,0.079004,0.179406,0.145253,AbMin7
0.035942,0.129211,0.097322,0.085882,1.000000,0.087356,0.076806,0.022889,0.048893,0.036622,0.027890,0.040429,E7
0.485495,0.084764,0.314886,0.048225,0.244285,0.382135,0.251621,0.609151,0.102296,0.115613,0.192957,0.080865,GMin7
0.088863,0.026050,0.047199,0.030564,0.187268,1.000000,0.086571,0.142639,0.030784,0.069834,0.008713,0.026046,FMaj7
0.052956,0.046996,0.092299,0.098649,1.000000,0.097890,0.065263,0.026478,0.073095,0.026323,0.034168,0.035492,E7
0.234867,0.135686,0.438397,0.670227,0.107500,0.364415,0.061305,0.279711,0.022337,0.061504,0.094584,0.043806,EbMaj7
0.619942,0.070449,0.076871,0.045987,0.059560,0.312654,0.581829,0.112722,0.249313,0.071532,0.078454,0.114239,D7
0.337957,0.067522,0.114779,0.027897,0.129326,0.822948,0.209753,0.396645,0.079671,0.171730,0.097518,0.047761,GMin7
0.056100,0.017997,0.031965,0.012296,0.115518,0.075817,0.039180,1.000000,0.063672,0.071363,0.011680,0.068336,G7
0.102652,0.231706,0.090712,0.650601,0.074108,0.250081,0.034175,0.172646,0.303144,0.186066,0.468210,0.060209,BbMin7
0.085344,0.008337,0.025452,0.165868,0.021322,0.073356,0.031774,0.185462,1.000000,0.084142,0.144430,0.034924,AbMaj7
0.062313,0.066834,0.043016,0.100148,0.064492,0.153813,0.102115,0.870161,0.148119,0.077235,0.035877,0.144724,G7
0.071071,0.265438,0.034232,0.202326,0.106880,0.390137,0.283099,0.064616,0.358886,0.051562,0.713851,0.021476,GbMaj7
0.061967,0.053110,0.145292,0.481254,0.077518,0.097981,0.061392,0.068696,0.401725,0.818571,0.091774,0.364775,F7
0.176297,0.184250,0.084783,0.632284,0.088984,0.228076,0.029835,0.115181,0.676155,0.300946,0.606115,0.075473,BbMin7
0.067034,0.056162,0.023208,0.022518,0.014552,0.107098,0.087936,0.044853,1.000000,0.062030,0.075478,0.015405,Ab7
0.052112,0.088136,0.178405,0.070387,0.523103,0.064861,0.272406,0.028247,0.164388,0.206408,0.148875,0.333325,BMin7
0.024309,0.135351,0.008260,0.007878,0.065555,0.021061,0.060962,0.029626,0.204386,1.000000,0.076734,0.138185,AMaj7
0.096960,0.028679,0.031231,0.019955,0.027385,0.026983,0.137270,0.058533,1.000000,0.082132,0.055137,0.024586,Ab7
0.013735,0.051761,0.117818,0.025727,0.159737,0.109025,0.444299,0.561349,0.112715,0.193783,0.052733,0.421173,GMaj7
0.350131,0.065386,0.056805,0.200282,0.519561,0.067889,0.096798,0.053535,0.069644,0.394181,0.961850,0.082054,Gb7
0.070871,0.304119,0.188905,0.078989,0.512194,0.047498,0.174391,0.023743,0.141527,0.767739,0.306508,0.558499,BMin7
